{
  "data": [
    { "id": 3023, "name": "📄 日常办公" },
    { "id": 3024, "name": "⭐ SZPT" },
    { "id": 3025, "name": "🥟 博客" },
    { "id": 3026, "name": "🍀 前端" },
    { "id": 3027, "name": "⚾ Python" },
    { "id": 3028, "name": "🐧 文档" },
    { "id": 3029, "name": "🔧 实用工具" },
    { "id": 3030, "name": "☕ 设计 | 素材" },
    { "id": 3031, "name": "😃 学习计划" }
  ],
  "index": [
    "# 听歌看剧",
    "[Music](https://tool.liumingye.cn/music/#/)",
    "[纪录片](https://www3.nhk.or.jp/nhkworld/zh/ondemand/category/15/?type=tvEpisode&)",
    "[无名小站](https://www.btnull.nu/)",
    "[低端影视](https://ddys.tv/)",
    "[340+优质UP](https://shimo.im/sheets/wQTgYdKWdXVrQgkd/MODOC)",
    "[辩论赛](https://search.bilibili.com/all?keyword=辩论赛&from_source=webtop_search&spm_id_from=333.1007&search_source=5)",
    "[小纸条](https://u.gitcafe.net/#hydy)",
    "[ 厂长资源](https://czzy01.com)",
    "[影视森林](http://549.tv/)"
  ]
}
